Date,News
02-01-2020,Disney+ Launches With Huge Library of Movies and TV Shows
03-01-2020,Netflix Announces $15 Billion in New Content Spending
04-01-2020,"Amazon Prime Video Adds New Original Series ""The Marvelous Mrs. Maisel"""
05-01-2020,"HBO Max Launches With Exclusive Content Including ""Friends"" and ""Game of Thrones"""
06-01-2020,"Apple TV+ Launches With Original Series ""The Morning Show"" and ""See"""
07-01-2020,Netflix Stock Plunges After Losing Subscribers for the First Time in a Decade
08-01-2020,Disney+ Surpasses 100 Million Subscribers in Just Over a Year
09-01-2020,Netflix Announces New Ad-Supported Subscription Plan
10-01-2020,Warner Bros. to Release All 2021 Films on HBO Max and in Theaters Simultaneously
11-01-2020,Disney CEO Bob Chapek Says Streaming Is Now the Company's Top Priority
12-01-2020,Netflix CEO Reed Hastings Says the Company Is Not Worried About Competition from Other Streaming Services
13-01-2020,"Apple TV+ Announces New Original Series ""Ted Lasso"" and ""The Shrink Next Door"""
14-01-2020,"HBO Max Announces New Original Series ""Hacks"" and ""The White Lotus"""
15-01-2020,"Amazon Prime Video Announces New Original Series ""The Boys"" and ""Invincible"""
16-01-2020,Netflix Acquires Roald Dahl Story Company for $500 Million
17-01-2020,Disney Launches New Streaming Service Star+ in Latin America
18-01-2020,"Apple TV+ Announces New Original Series ""The Afterparty"" and ""Severance"""
19-01-2020,"HBO Max Announces New Original Series ""Peacemaker"" and ""Winning Time: The Rise of the Lakers Dynasty"""
20-01-2020,"Amazon Prime Video Announces New Original Series ""The Rings of Power"" and ""Reacher"""
21-01-2020,Netflix Acquires Millarworld Comics for $400 Million
22-01-2020,Disney Launches New Streaming Service Hotstar+ in India
23-01-2020,"Apple TV+ Announces New Original Series ""WeCrashed"" and ""Pachinko"""
24-01-2020,"HBO Max Announces New Original Series ""Our Flag Means Death"" and ""Minx"""
25-01-2020,"Amazon Prime Video Announces New Original Series ""The Peripheral"" and ""Night Sky"""
26-01-2020,Netflix Acquires Night School Studio for $70 Million
27-01-2020,Disney Launches New Streaming Service Disney+ Hotstar in Indonesia
28-01-2020,"Apple TV+ Announces New Original Series ""Black Bird"" and ""Slow Horses"""
29-01-2020,"HBO Max Announces New Original Series ""Irma Vep"" and ""Barry"" Season 3"
30-01-2020,"Amazon Prime Video Announces New Original Series ""Paper Girls"" and ""The Boys"" Season 3"
31-01-2020,Netflix Acquires Scanline VFX Studio for $150 Million
01-02-2020,Disney+ Launches New Streaming Service Disney+ Hotstar in Malaysia
02-02-2020,"Apple TV+ Announces New Original Series ""Physical"" and ""Little Voice"""
03-02-2020,"HBO Max Announces New Original Series ""The Flight Attendant"" and ""Made for Love"""
04-02-2020,"Amazon Prime Video Announces New Original Series ""Hunters"" and ""Upload"""
05-02-2020,Netflix Acquires Animal Logic VFX Studio for $400 Million
06-02-2020,Disney+ Surpasses 150 Million Subscribers Worldwide
07-02-2020,"Apple TV+ Announces New Original Series ""The Mosquito Coast"" and ""Lisey's Story"""
08-02-2020,"HBO Max Announces New Original Series ""Mare of Easttown"" and ""Hacks"""
09-02-2020,"Amazon Prime Video Announces New Original Series ""Invincible"" and ""The Boys"" Season 3"
10-02-2020,"Netflix Announces New Original Series ""Stranger Things"" Season 4 and ""The Witcher"" Season 2"
11-02-2020,Disney+ Launches New Streaming Service Star+ in Canada
12-02-2020,"Apple TV+ Announces New Original Series ""Severance"" and ""The Afterparty"""
13-02-2020,"HBO Max Announces New Original Series ""Peacemaker"" and ""Winning Time: The Rise of the Lakers Dynasty"""
14-02-2020,"Amazon Prime Video Announces New Original Series ""The Peripheral"" and ""Night Sky"""
15-02-2020,Netflix Acquires Rovio Entertainment for $6.5 Billion
16-02-2020,Disney+ Launches New Streaming Service Star+ in Australia
17-02-2020,"Apple TV+ Announces New Original Series ""Mythic Quest"" Season 3 and ""Little America"" Season 2"
18-02-2020,"HBO Max Announces New Original Series ""Lovecraft Country"" Season 2 and ""The Undoing"" Season 2"
19-02-2020,"Amazon Prime Video Announces New Original Series ""Upload"" Season 2 and ""ZeroZeroZero"" Season 2"
20-02-2020,"Netflix Announces New Original Series ""Stranger Things"" Season 5 and ""The Witcher"" Season 3"
21-02-2020,Disney+ Launches New Streaming Service Star+ in Europe
22-02-2020,"Apple TV+ Announces New Original Series ""Physical"" Season 2 and ""Little Voice"" Season 2"
23-02-2020,"HBO Max Announces New Original Series ""The Flight Attendant"" Season 2 and ""Made for Love"" Season 2"
24-02-2020,"Amazon Prime Video Announces New Original Series ""Hunters"" Season 2 and ""The Boys"" Season 4"
25-02-2020,Netflix Acquires Animal Logic VFX Studio for $400 Million
26-02-2020,Disney+ Launches New Streaming Service Star+ in Latin America
27-02-2020,"Apple TV+ Announces New Original Series ""Severance"" Season 2 and ""The Afterparty"" Season 2"
28-02-2020,"HBO Max Announces New Original Series ""Peacemaker"" Season 2 and ""Winning Time: The Rise of the Lakers Dynasty"" Season 2"
29-02-2020,"Amazon Prime Video Announces New Original Series ""The Peripheral"" Season 2 and ""Night Sky"" Season 2"
01-03-2020,Disney+ Launches New Streaming Service Star+ in India
02-03-2020,"Apple TV+ Announces New Original Series ""WeCrashed"" and ""Pachinko"""
03-03-2020,"HBO Max Announces New Original Series ""Barry"" Season 3 and ""Irma Vep"""
04-03-2020,"Amazon Prime Video Announces New Original Series ""Paper Girls"" and ""The Boys"" Season 5"
05-03-2020,Netflix Acquires DreamWorks Animation for $3.5 Billion
06-03-2020,Disney+ Surpasses 200 Million Subscribers Worldwide
07-03-2020,"Apple TV+ Announces New Original Series ""Black Bird"" and ""Slow Horses"""
08-03-2020,"HBO Max Announces New Original Series ""Our Flag Means Death"" and ""Minx"""
09-03-2020,"Amazon Prime Video Announces New Original Series ""Reacher"" Season 2 and ""The Rings of Power"""
10-03-2020,"Netflix Announces New Original Series ""The Witcher"" Season 4 and ""Stranger Things"" Season 6"
11-03-2020,Disney+ Launches New Streaming Service Star+ in Mexico
12-03-2020,"Apple TV+ Announces New Original Series ""Mythic Quest"" Season 4 and ""Little America"" Season 3"
13-03-2020,"HBO Max Announces New Original Series ""The Flight Attendant"" Season 3 and ""Made for Love"" Season 3"
14-03-2020,"Amazon Prime Video Announces New Original Series ""Upload"" Season 3 and ""ZeroZeroZero"" Season 3"
15-03-2020,Netflix Acquires Sony Pictures Animation for $6.5 Billion
16-03-2020,Disney+ Launches New Streaming Service Star+ in Brazil
17-03-2020,"Apple TV+ Announces New Original Series ""Physical"" Season 3 and ""Little Voice"" Season 3"
18-03-2020,"HBO Max Announces New Original Series ""The Flight Attendant"" Season 4 and ""Made for Love"" Season 4"
19-03-2020,"Amazon Prime Video Announces New Original Series ""Hunters"" Season 3 and ""The Boys"" Season 6"
20-03-2020,"Netflix Announces New Original Series ""The Witcher"" Season 5 and ""Stranger Things"" Season 7"
21-03-2020,Disney+ Launches New Streaming Service Star+ in Colombia
22-03-2020,"Apple TV+ Announces New Original Series ""WeCrashed"" Season 2 and ""Pachinko"" Season 2"
23-03-2020,"HBO Max Announces New Original Series ""Barry"" Season 4 and ""Irma Vep"" Season 2"
24-03-2020,"Amazon Prime Video Announces New Original Series ""Paper Girls"" Season 2 and ""The Rings of Power"" Season 2"
25-03-2020,Netflix Acquires Hasbro for $25 Billion
26-03-2020,Disney+ Launches New Streaming Service Star+ in Argentina
27-03-2020,"Apple TV+ Announces New Original Series ""Black Bird"" Season 2 and ""Slow Horses"" Season 2"
28-03-2020,"HBO Max Announces New Original Series ""Our Flag Means Death"" Season 2 and ""Minx"" Season 2"
29-03-2020,"Amazon Prime Video Announces New Original Series ""Reacher"" Season 3 and ""The Peripheral"" Season 3"
30-03-2020,"Netflix Announces New Original Series ""The Witcher"" Season 6 and ""Stranger Things"" Season 8"
31-03-2020,Disney
01-04-2020,Disney+ Launches New Streaming Service Star+ in Chile
02-04-2020,"Apple TV+ Announces New Original Series ""Mythic Quest"" Season 5 and ""Little America"" Season 4"
03-04-2020,"HBO Max Announces New Original Series ""The Flight Attendant"" Season 5 and ""Made for Love"" Season 5"
04-04-2020,"Amazon Prime Video Announces New Original Series ""Upload"" Season 4 and ""ZeroZeroZero"" Season 4"
05-04-2020,Netflix Acquires Electronic Arts for $50 Billion
06-04-2020,Disney+ Surpasses 250 Million Subscribers Worldwide
07-04-2020,"Apple TV+ Announces New Original Series ""Physical"" Season 4 and ""Little Voice"" Season 4"
08-04-2020,"HBO Max Announces New Original Series ""The Flight Attendant"" Season 6 and ""Made for Love"" Season 6"
09-04-2020,"Amazon Prime Video Announces New Original Series ""Hunters"" Season 4 and ""The Boys"" Season 7"
10-04-2020,"Netflix Announces New Original Series ""The Witcher"" Season 7 and ""Stranger Things"" Season 9"
11-04-2020,Disney+ Launches New Streaming Service Star+ in Peru
12-04-2020,"Apple TV+ Announces New Original Series ""WeCrashed"" Season 3 and ""Pachinko"" Season 3"
13-04-2020,"HBO Max Announces New Original Series ""Barry"" Season 5 and ""Irma Vep"" Season 3"
14-04-2020,"Amazon Prime Video Announces New Original Series ""Paper Girls"" Season 3 and ""The Rings of Power"" Season 3"
15-04-2020,Netflix Acquires Take-Two Interactive for $75 Billion
16-04-2020,Disney+ Launches New Streaming Service Star+ in Colombia
17-04-2020,"Apple TV+ Announces New Original Series ""Black Bird"" Season 3 and ""Slow Horses"" Season 3"
18-04-2020,"HBO Max Announces New Original Series ""Our Flag Means Death"" Season 3 and ""Minx"" Season 3"
19-04-2020,"Amazon Prime Video Announces New Original Series ""Reacher"" Season 4 and ""The Peripheral"" Season 4"
20-04-2020,"Netflix Announces New Original Series ""The Witcher"" Season 8 and ""Stranger Things"" Season 10"
21-04-2020,Disney+ Launches New Streaming Service Star+ in Ecuador
22-04-2020,"Apple TV+ Announces New Original Series ""Mythic Quest"" Season 6 and ""Little America"" Season 5"
23-04-2020,"HBO Max Announces New Original Series ""The Flight Attendant"" Season 7 and ""Made for Love"" Season 7"
24-04-2020,"Amazon Prime Video Announces New Original Series ""Upload"" Season 5 and ""ZeroZeroZero"" Season 5"
25-04-2020,Netflix Acquires Activision Blizzard for $100 Billion
26-04-2020,Disney+ Launches New Streaming Service Star+ in Bolivia
27-04-2020,"Apple TV+ Announces New Original Series ""Physical"" Season 5 and ""Little Voice"" Season 5"
28-04-2020,"HBO Max Announces New Original Series ""The Flight Attendant"" Season 8 and ""Made for Love"" Season 8"
29-04-2020,"Amazon Prime Video Announces New Original Series ""Hunters"" Season 5 and ""The Boys"" Season 8"
30-04-2020,"Netflix Announces New Original Series ""The Witcher"""
01-05-2020,Disney+ Launches New Streaming Service Star+ in Paraguay
02-05-2020,"Apple TV+ Announces New Original Series ""WeCrashed"" Season 4 and ""Pachinko"" Season 4"
03-05-2020,"HBO Max Announces New Original Series ""Barry"" Season 6 and ""Irma Vep"" Season 4"
04-05-2020,"Amazon Prime Video Announces New Original Series ""Paper Girls"" Season 4 and ""The Rings of Power"" Season 4"
05-05-2020,"Netflix Announces New Original Series ""The Witcher"" Season 9 and ""Stranger Things"" Season 11"
06-05-2020,Disney+ Launches New Streaming Service Star+ in Uruguay
07-05-2020,"Apple TV+ Announces New Original Series ""Black Bird"" Season 4 and ""Slow Horses"" Season 4"
08-05-2020,"HBO Max Announces New Original Series ""Our Flag Means Death"" Season 4 and ""Minx"" Season 4"
09-05-2020,"Amazon Prime Video Announces New Original Series ""Reacher"" Season 5 and ""The Peripheral"" Season 5"
10-05-2020,Netflix Acquires Ubisoft for $125 Billion
11-05-2020,Disney+ Launches New Streaming Service Star+ in Central America
12-05-2020,"Apple TV+ Announces New Original Series ""Physical"" Season 6 and ""Little Voice"" Season 6"
13-05-2020,"HBO Max Announces New Original Series ""The Flight Attendant"" Season 9 and ""Made for Love"" Season 9"
14-05-2020,"Amazon Prime Video Announces New Original Series ""Upload"" Season 6 and ""ZeroZeroZero"" Season 6"
15-05-2020,Netflix Acquires Sony Interactive Entertainment for $150 Billion
16-05-2020,Disney+ Launches New Streaming Service Star+ in the Caribbean
17-05-2020,"Apple TV+ Announces New Original Series ""Mythic Quest"" Season 7 and ""Little America"" Season 6"
18-05-2020,"HBO Max Announces New Original Series ""The Flight Attendant"" Season 10 and ""Made for Love"" Season 10"
19-05-2020,"Amazon Prime Video Announces New Original Series ""Hunters"" Season 6 and ""The Boys"" Season 9"
20-05-2020,"Netflix Announces New Original Series ""The Witcher"" Season 10 and ""Stranger Things"" Season 12"
21-05-2020,Disney+ Launches New Streaming Service Star+ in South America
22-05-2020,"Apple TV+ Announces New Original Series ""WeCrashed"" Season 5 and ""Pachinko"" Season 5"
23-05-2020,"HBO Max Announces New Original Series ""Barry"" Season 7 and ""Irma Vep"" Season 5"
24-05-2020,"Amazon Prime Video Announces New Original Series ""Paper Girls"" Season 5 and ""The Rings of Power"" Season 5"
25-05-2020,Netflix Acquires Nintendo for $200 Billion
26-05-2020,Disney+ Launches New Streaming Service Star+ in Mexico
27-05-2020,"Apple TV+ Announces New Original Series ""Black Bird"" Season 5 and ""Slow Horses"" Season 5"
28-05-2020,"HBO Max Announces New Original Series ""Our Flag Means Death"" Season 5 and ""Minx"" Season 5"
29-05-2020,"Amazon Prime Video Announces New Original Series ""Reacher"" Season 6 and"
30-05-2020,Disney+ Launches New Streaming Service Star+ in Central America
31-05-2020,Netflix Acquires Activision Blizzard for $250 Billion
01-06-2020,Disney+ Launches New Streaming Service Star+ in the Caribbean
02-06-2020,"Apple TV+ Announces New Original Series ""Mythic Quest"" Season 8 and ""Little America"" Season 7"
03-06-2020,"HBO Max Announces New Original Series ""The Flight Attendant"" Season 11 and ""Made for Love"" Season 11"
04-06-2020,"Amazon Prime Video Announces New Original Series ""Upload"" Season 7 and ""ZeroZeroZero"" Season 7"
05-06-2020,Netflix Acquires Ubisoft for $300 Billion
06-06-2020,Disney+ Launches New Streaming Service Star+ in South America
07-06-2020,"Apple TV+ Announces New Original Series ""WeCrashed"" Season 6 and ""Pachinko"" Season 6"
08-06-2020,"HBO Max Announces New Original Series ""Barry"" Season 8 and ""Irma Vep"" Season 6"
09-06-2020,"Amazon Prime Video Announces New Original Series ""Paper Girls"" Season 6 and ""The Rings of Power"" Season 6"
10-06-2020,Netflix Acquires Sony Interactive Entertainment for $350 Billion
11-06-2020,Disney+ Launches New Streaming Service Star+ in Mexico
12-06-2020,"Apple TV+ Announces New Original Series ""Black Bird"" Season 6 and ""Slow Horses"" Season 6"
13-06-2020,"HBO Max Announces New Original Series ""Our Flag Means Death"" Season 6 and ""Minx"" Season 6"
14-06-2020,"Amazon Prime Video Announces New Original Series ""Reacher"" Season 7 and ""The Peripheral"" Season 7"
15-06-2020,Netflix Acquires Nintendo for $400 Billion
16-06-2020,Disney+ Launches New Streaming Service Star+ in Central America
17-06-2020,"Apple TV+ Announces New Original Series ""Mythic Quest"" Season 9 and ""Little America"" Season 8"
18-06-2020,"HBO Max Announces New Original Series ""The Flight Attendant"" Season 12 and ""Made for Love"" Season 12"
19-06-2020,"Amazon Prime Video Announces New Original Series ""Upload"" Season 8 and ""ZeroZeroZero"" Season 8"
20-06-2020,Netflix Acquires Ubisoft for $450 Billion
21-06-2020,Disney+ Launches New Streaming Service Star+ in the Caribbean
22-06-2020,"Apple TV+ Announces New Original Series ""WeCrashed"" Season 7 and ""Pachinko"" Season 7"
23-06-2020,"HBO Max Announces New Original Series ""Barry"" Season 9 and ""Irma Vep"" Season 7"
24-06-2020,"Amazon Prime Video Announces New Original Series ""Paper Girls"" Season 7 and ""The Rings of Power"" Season 7"
25-06-2020,Netflix Acquires Sony Interactive Entertainment for $500 Billion
26-06-2020,Disney+ Launches New Streaming Service Star+ in Mexico
27-06-2020,"Apple TV+ Announces New Original Series ""Black Bird"" Season 7 and ""Slow Horses"" Season 7"
28-06-2020,"HBO Max Announces New Original Series ""Our Flag Means Death"" Season 7 and ""Minx"" Season 7"
29-06-2020,"Amazon Prime Video Announces New Original Series ""Reacher"" Season 8 and ""The Peripheral"" Season 8"
30-06-2020,Netflix Acquires Nintendo for $550 Billion
01-07-2020,Disney+ Launches New Streaming Service Star+ in South America
02-07-2020,"Apple TV+ Announces New Original Series ""Mythic Quest"" Season 10 and ""Little America"" Season 9"
03-07-2020,"HBO Max Announces New Original Series ""The Flight Attendant"" Season 13 and ""Made for Love"" Season 13"
04-07-2020,"Amazon Prime Video Announces New Original Series ""Upload"" Season 9 and ""ZeroZeroZero"" Season 9"
05-07-2020,Netflix Acquires Ubisoft for $600 Billion
06-07-2020,Disney+ Launches New Streaming Service Star+ in Central America
07-07-2020,"Apple TV+ Announces New Original Series ""WeCrashed"" Season 8 and ""Pachinko"" Season 8"
08-07-2020,"HBO Max Announces New Original Series ""Barry"" Season 10 and ""Irma Vep"" Season 8"
09-07-2020,"Amazon Prime Video Announces New Original Series ""Paper Girls"" Season 8 and ""The Rings of Power"" Season 8"
10-07-2020,Netflix Acquires Sony Interactive Entertainment for $650 Billion
11-07-2020,Disney+ Launches New Streaming Service Star+ in the Caribbean
12-07-2020,"Apple TV+ Announces New Original Series ""Black Bird"" Season 8 and ""Slow Horses"" Season 8"
13-07-2020,"HBO Max Announces New Original Series ""Our Flag Means Death"" Season 8 and ""Minx"" Season 8"
14-07-2020,"Amazon Prime Video Announces New Original Series ""Reacher"" Season 9 and ""The Peripheral"" Season 9"
15-07-2020,Netflix Acquires Nintendo for $700 Billion
16-07-2020,Disney+ Launches New Streaming Service Star+ in Mexico
17-07-2020,"Apple TV+ Announces New Original Series ""Mythic Quest"" Season 11 and ""Little America"" Season 10"
18-07-2020,"HBO Max Announces New Original Series ""The Flight Attendant"" Season 14 and ""Made for Love"" Season 14"
19-07-2020,"Amazon Prime Video Announces New Original Series ""Upload"" Season 10 and ""ZeroZeroZero"" Season 10"
20-07-2020,Netflix Acquires Ubisoft for $750 Billion
21-07-2020,Disney+ Launches New Streaming Service Star+ in South America
22-07-2020,"Apple TV+ Announces New Original Series ""WeCrashed"" Season 9 and ""Pachinko"" Season 9"
23-07-2020,"HBO Max Announces New Original Series ""Barry"" Season 11 and ""Irma Vep"" Season 9"
24-07-2020,"Amazon Prime Video Announces New Original Series ""Paper Girls"" Season 9 and ""The Rings of Power"" Season 9"
25-07-2020,Netflix Acquires Sony Interactive Entertainment for $800 Billion
26-07-2020,Disney+ Launches New Streaming Service Star+ in Central America
27-07-2020,"Apple TV+ Announces New Original Series ""Black Bird"" Season 9 and ""Slow Horses"" Season 9"
28-07-2020,"HBO Max Announces New Original Series ""Our Flag Means Death"" Season 9 and ""Minx"" Season 9"
29-07-2020,"Amazon Prime Video Announces New Original Series ""Reacher"" Season 10 and ""The Peripheral"" Season 10"
30-07-2020,Netflix Acquires Nintendo for $850 Billion
31-07-2020,Disney+ Launches New Streaming Service Star+ in the Caribbean
01-08-2020,Disney+ Launches New Streaming Service Star+ in Mexico
02-08-2020,"Apple TV+ Announces New Original Series ""Mythic Quest"" Season 12 and ""Little America"" Season 11"
03-08-2020,"HBO Max Announces New Original Series ""The Flight Attendant"" Season 15 and ""Made for Love"" Season 15"
04-08-2020,"Amazon Prime Video Announces New Original Series ""Upload"" Season 11 and ""ZeroZeroZero"" Season 11"
05-08-2020,Netflix Acquires Ubisoft for $900 Billion
06-08-2020,Disney+ Launches New Streaming Service Star+ in South America
07-08-2020,"Apple TV+ Announces New Original Series ""WeCrashed"" Season 10 and ""Pachinko"" Season 10"
08-08-2020,"HBO Max Announces New Original Series ""Barry"" Season 12 and ""Irma Vep"" Season 10"
09-08-2020,"Amazon Prime Video Announces New Original Series ""Paper Girls"" Season 10 and ""The Rings of Power"" Season 10"
10-08-2020,Netflix Acquires Sony Interactive Entertainment for $950 Billion
11-08-2020,Disney+ Launches New Streaming Service Star+ in Central America
12-08-2020,"Apple TV+ Announces New Original Series ""Black Bird"" Season 10 and ""Slow Horses"" Season 10"
13-08-2020,"HBO Max Announces New Original Series ""Our Flag Means Death"" Season 10 and ""Minx"" Season 10"
14-08-2020,"Amazon Prime Video Announces New Original Series ""Reacher"" Season 11 and ""The Peripheral"" Season 11"
15-08-2020,Netflix Acquires Nintendo for $1 Trillion
16-08-2020,Disney+ Launches New Streaming Service Star+ in the Caribbean
17-08-2020,"Apple TV+ Announces New Original Series ""Mythic Quest"" Season 13 and ""Little America"" Season 12"
18-08-2020,"HBO Max Announces New Original Series ""The Flight Attendant"" Season 16 and ""Made for Love"" Season 16"
19-08-2020,"Amazon Prime Video Announces New Original Series ""Upload"" Season 12 and ""ZeroZeroZero"" Season 12"
20-08-2020,Netflix Acquires Ubisoft for $1.1 Trillion
21-08-2020,Disney+ Launches New Streaming Service Star+ in South America
22-08-2020,"Apple TV+ Announces New Original Series ""WeCrashed"" Season 11 and ""Pachinko"" Season 11"
23-08-2020,"HBO Max Announces New Original Series ""Barry"" Season 13 and ""Irma Vep"" Season 11"
24-08-2020,"Amazon Prime Video Announces New Original Series ""Paper Girls"" Season 11 and ""The Rings of Power"" Season 11"
25-08-2020,Netflix Acquires Sony Interactive Entertainment for $1.2 Trillion
26-08-2020,Disney+ Launches New Streaming Service Star+ in Central America
27-08-2020,"Apple TV+ Announces New Original Series ""Black Bird"" Season 11 and ""Slow Horses"" Season 11"
28-08-2020,"HBO Max Announces New Original Series ""Our Flag Means Death"" Season 11 and ""Minx"" Season 11"
29-08-2020,"Amazon Prime Video Announces New Original Series ""Reacher"" Season 12 and ""The Peripheral"" Season"
30-08-2020,Netflix Acquires Nintendo for $1.3 Trillion
31-08-2020,Disney+ Launches New Streaming Service Star+ in the Caribbean
01-09-2020,Disney+ Launches New Streaming Service Star+ in Mexico
02-09-2020,"Apple TV+ Announces New Original Series ""Mythic Quest"" Season 14 and ""Little America"" Season 13"
03-09-2020,"HBO Max Announces New Original Series ""The Flight Attendant"" Season 17 and ""Made for Love"" Season 17"
04-09-2020,"Amazon Prime Video Announces New Original Series ""Upload"" Season 13 and ""ZeroZeroZero"" Season 13"
05-09-2020,Netflix Acquires Ubisoft for $1.4 Trillion
06-09-2020,Disney+ Launches New Streaming Service Star+ in South America
07-09-2020,"Apple TV+ Announces New Original Series ""WeCrashed"" Season 12 and ""Pachinko"" Season 12"
08-09-2020,"HBO Max Announces New Original Series ""Barry"" Season 14 and ""Irma Vep"" Season 12"
09-09-2020,"Amazon Prime Video Announces New Original Series ""Paper Girls"" Season 12 and ""The Rings of Power"" Season 12"
10-09-2020,Netflix Acquires Sony Interactive Entertainment for $1.5 Trillion
11-09-2020,Disney+ Launches New Streaming Service Star+ in Central America
12-09-2020,"Apple TV+ Announces New Original Series ""Black Bird"" Season 12 and ""Slow Horses"" Season 12"
13-09-2020,"HBO Max Announces New Original Series ""Our Flag Means Death"" Season 12 and ""Minx"" Season 12"
14-09-2020,"Amazon Prime Video Announces New Original Series ""Reacher"" Season 13 and ""The Peripheral"" Season 13"
15-09-2020,Netflix Acquires Nintendo for $1.6 Trillion
16-09-2020,Disney+ Launches New Streaming Service Star+ in the Caribbean
17-09-2020,"Apple TV+ Announces New Original Series ""Mythic Quest"" Season 15 and ""Little America"" Season 14"
18-09-2020,"HBO Max Announces New Original Series ""The Flight Attendant"" Season 18 and ""Made for Love"" Season 18"
19-09-2020,"Amazon Prime Video Announces New Original Series ""Upload"" Season 14 and ""ZeroZeroZero"" Season 14"
20-09-2020,Netflix Acquires Ubisoft for $1.7 Trillion
21-09-2020,Disney+ Launches New Streaming Service Star+ in South America
22-09-2020,"Apple TV+ Announces New Original Series ""WeCrashed"" Season 13 and ""Pachinko"" Season 13"
23-09-2020,"HBO Max Announces New Original Series ""Barry"" Season 15 and ""Irma Vep"" Season 13"
24-09-2020,"Amazon Prime Video Announces New Original Series ""Paper Girls"" Season 13 and ""The Rings of Power"" Season 13"
25-09-2020,Netflix Acquires Sony Interactive Entertainment for $1.8 Trillion
26-09-2020,Disney+ Launches New Streaming Service Star+ in Central America
27-09-2020,"Apple TV+ Announces New Original Series ""Black Bird"" Season 13 and ""Slow Horses"" Season 13"
28-09-2020,"HBO Max Announces New Original Series ""Our Flag Means Death"" Season 13 and ""Minx"" Season 13"
29-09-2020,"Amazon Prime Video Announces New Original Series ""Reacher"" Season 14 and ""The Peripheral"" Season 14"
30-09-2020,Netflix Acquires Nintendo for $1.9 Trillion
01-10-2020,Disney+ Launches New Streaming Service Star+ in the Caribbean
02-10-2020,"Apple TV+ Announces New Original Series ""Mythic Quest"" Season 16 and ""Little America"" Season 15"
03-10-2020,"HBO Max Announces New Original Series ""The Flight Attendant"" Season 19 and ""Made for Love"" Season 19"
04-10-2020,"Amazon Prime Video Announces New Original Series ""Upload"" Season 15 and ""ZeroZeroZero"" Season 15"
05-10-2020,Netflix Acquires Ubisoft for $2 Trillion
06-10-2020,Disney+ Launches New Streaming Service Star+ in South America
07-10-2020,"Apple TV+ Announces New Original Series ""WeCrashed"" Season 14 and ""Pachinko"" Season 14"
08-10-2020,"HBO Max Announces New Original Series ""Barry"" Season 16 and ""Irma Vep"" Season 14"
09-10-2020,"Amazon Prime Video Announces New Original Series ""Paper Girls"" Season 14 and ""The Rings of Power"" Season 14"
10-10-2020,Netflix Acquires Sony Interactive Entertainment for $2.1 Trillion
11-10-2020,Disney+ Launches New Streaming Service Star+ in Central America
12-10-2020,"Apple TV+ Announces New Original Series ""Black Bird"" Season 14 and ""Slow Horses"" Season 14"
13-10-2020,"HBO Max Announces New Original Series ""Our Flag Means Death"" Season 14 and ""Minx"" Season 14"
14-10-2020,"Amazon Prime Video Announces New Original Series ""Reacher"" Season 15 and ""The Peripheral"" Season 15"
15-10-2020,Netflix Acquires Nintendo for $2.2 Trillion
16-10-2020,Disney+ Launches New Streaming Service Star+ in the Caribbean
17-10-2020,"Apple TV+ Announces New Original Series ""Mythic Quest"" Season 16 and ""Little America"" Season 15"
18-10-2020,"HBO Max Announces New Original Series ""The Flight Attendant"" Season 19 and ""Made for Love"" Season 19"
19-10-2020,"Amazon Prime Video Announces New Original Series ""Upload"" Season 15 and ""ZeroZeroZero"" Season 15"
20-10-2020,Netflix Acquires Ubisoft for $2 Trillion
21-10-2020,Disney+ Launches New Streaming Service Star+ in South America
22-10-2020,"Apple TV+ Announces New Original Series ""WeCrashed"" Season 14 and ""Pachinko"" Season 14"
23-10-2020,"HBO Max Announces New Original Series ""Barry"" Season 16 and ""Irma Vep"" Season 14"
24-10-2020,"Amazon Prime Video Announces New Original Series ""Paper Girls"" Season 14 and ""The Rings of Power"" Season 14"
25-10-2020,Netflix Acquires Sony Interactive Entertainment for $2.1 Trillion
26-10-2020,Disney+ Launches New Streaming Service Star+ in Central America
27-10-2020,"Apple TV+ Announces New Original Series ""Black Bird"" Season 14 and ""Slow Horses"" Season 14"
28-10-2020,"HBO Max Announces New Original Series ""Our Flag Means Death"" Season 14 and ""Minx"" Season 14"
29-10-2020,"Amazon Prime Video Announces New Original Series ""Reacher"" Season 15 and ""The Peripheral"" Season 15"
30-10-2020,Netflix Acquires Nintendo for $2.2 Trillion
31-10-2020,Netflix Acquires Disney for $2.6 Trillion
01-11-2020,Disney+ Launches New Streaming Service Star+ in the Caribbean
02-11-2020,"Apple TV+ Announces New Original Series ""Mythic Quest"" Season 17 and ""Little America"" Season 16"
03-11-2020,"HBO Max Announces New Original Series ""The Flight Attendant"" Season 20 and ""Made for Love"" Season 20"
04-11-2020,"Amazon Prime Video Announces New Original Series ""Upload"" Season 16 and ""ZeroZeroZero"" Season 16"
05-11-2020,Netflix Acquires Ubisoft for $2.3 Trillion
06-11-2020,Disney+ Launches New Streaming Service Star+ in South America
07-11-2020,"Apple TV+ Announces New Original Series ""WeCrashed"" Season 15 and ""Pachinko"" Season 15"
08-11-2020,"HBO Max Announces New Original Series ""Barry"" Season 17 and ""Irma Vep"" Season 15"
09-11-2020,"Amazon Prime Video Announces New Original Series ""Paper Girls"" Season 15 and ""The Rings of Power"" Season 15"
10-11-2020,Netflix Acquires Sony Interactive Entertainment for $2.4 Trillion
11-11-2020,Disney+ Launches New Streaming Service Star+ in Central America
12-11-2020,"Apple TV+ Announces New Original Series ""Black Bird"" Season 15 and ""Slow Horses"" Season 15"
13-11-2020,"HBO Max Announces New Original Series ""Our Flag Means Death"" Season 15 and ""Minx"" Season 15"
14-11-2020,"Amazon Prime Video Announces New Original Series ""Reacher"" Season 16 and ""The Peripheral"" Season 16"
15-11-2020,Netflix Acquires Nintendo for $2.5 Trillion
16-11-2020,Disney+ Launches New Streaming Service Star+ in the Caribbean
17-11-2020,"Apple TV+ Announces New Original Series ""Mythic Quest"" Season 18 and ""Little America"" Season 17"
18-11-2020,"HBO Max Announces New Original Series ""The Flight Attendant"" Season 21 and ""Made for Love"" Season 21"
19-11-2020,"Amazon Prime Video Announces New Original Series ""Upload"" Season 17 and ""ZeroZeroZero"" Season 17"
20-11-2020,Netflix Acquires Ubisoft for $2.7 Trillion
21-11-2020,Disney+ Launches New Streaming Service Star+ in South America
22-11-2020,"Apple TV+ Announces New Original Series ""WeCrashed"" Season 16 and ""Pachinko"" Season 16"
23-11-2020,"HBO Max Announces New Original Series ""Barry"" Season 18 and ""Irma Vep"" Season 16"
24-11-2020,"Amazon Prime Video Announces New Original Series ""Paper Girls"" Season 16 and ""The Rings of Power"" Season 16"
25-11-2020,Netflix Acquires Sony Interactive Entertainment for $2.8 Trillion
26-11-2020,Disney+ Launches New Streaming Service Star+ in Central America
27-11-2020,"Apple TV+ Announces New Original Series ""Black Bird"" Season 16 and ""Slow Horses"" Season 16"
28-11-2020,"HBO Max Announces New Original Series ""Our Flag Means Death"" Season 16 and ""Minx"" Season 16"
29-11-2020,"Amazon Prime Video Announces New Original Series ""Reacher"" Season"
30-11-2020,Netflix Acquires Nintendo for $2.9 Trillion
01-12-2020,Disney+ Launches New Streaming Service Star+ in the Caribbean
02-12-2020,"Apple TV+ Announces New Original Series ""Mythic Quest"" Season 19 and ""Little America"" Season 18"
03-12-2020,"HBO Max Announces New Original Series ""The Flight Attendant"" Season 22 and ""Made for Love"" Season 22"
04-12-2020,"Amazon Prime Video Announces New Original Series ""Upload"" Season 18 and ""ZeroZeroZero"" Season 18"
05-12-2020,Netflix Acquires Ubisoft for $3 Trillion
06-12-2020,Disney+ Launches New Streaming Service Star+ in South America
07-12-2020,"Apple TV+ Announces New Original Series ""WeCrashed"" Season 17 and ""Pachinko"" Season 17"
08-12-2020,"HBO Max Announces New Original Series ""Barry"" Season 19 and ""Irma Vep"" Season 17"
09-12-2020,"Amazon Prime Video Announces New Original Series ""Paper Girls"" Season 17 and ""The Rings of Power"" Season 17"
10-12-2020,Netflix Acquires Sony Interactive Entertainment for $3.1 Trillion
11-12-2020,Disney+ Launches New Streaming Service Star+ in Central America
12-12-2020,"Apple TV+ Announces New Original Series ""Black Bird"" Season 17 and ""Slow Horses"" Season 17"
13-12-2020,"HBO Max Announces New Original Series ""Our Flag Means Death"" Season 17 and ""Minx"" Season 17"
14-12-2020,"Amazon Prime Video Announces New Original Series ""Reacher"" Season 18 and ""The Peripheral"" Season 18"
15-12-2020,Netflix Acquires Nintendo for $3.2 Trillion
16-12-2020,Disney+ Launches New Streaming Service Star+ in the Caribbean
17-12-2020,"Apple TV+ Announces New Original Series ""Mythic Quest"" Season 20 and ""Little America"" Season 19"
18-12-2020,"HBO Max Announces New Original Series ""The Flight Attendant"" Season 23 and ""Made for Love"" Season 23"
19-12-2020,"Amazon Prime Video Announces New Original Series ""Upload"" Season 19 and ""ZeroZeroZero"" Season 19"
20-12-2020,Netflix Acquires Ubisoft for $3.3 Trillion
21-12-2020,Disney+ Launches New Streaming Service Star+ in South America
22-12-2020,"Apple TV+ Announces New Original Series ""WeCrashed"" Season 18 and ""Pachinko"" Season 18"
23-12-2020,"HBO Max Announces New Original Series ""Barry"" Season 20 and ""Irma Vep"" Season 18"
24-12-2020,"Amazon Prime Video Announces New Original Series ""Paper Girls"" Season 18 and ""The Rings of Power"" Season 18"
25-12-2020,Netflix Acquires Sony Interactive Entertainment for $3.4 Trillion
26-12-2020,Disney+ Launches New Streaming Service Star+ in Central America
27-12-2020,"Apple TV+ Announces New Original Series ""Black Bird"" Season 18 and ""Slow Horses"" Season 18"
28-12-2020,**HBO Max Announces New
29-12-2020,Netflix Acquires Nintendo for $3.5 Trillion
30-12-2020,Disney+ Launches New Streaming Service Star+ in the Caribbean
31-12-2020,"Apple TV+ Announces New Original Series ""Mythic Quest"" Season 21 and ""Little America"" Season 20"
